ID,Embedding,CreatedAt,Sekolah
1,"[0.45810335874557495,0.09431731700897217,1.5791425704956055,-1.3735957145690918,1.0575329065322876,2.998337745666504,2.2689571380615234,-1.8898286819458008,-2.0144217014312744,-6.691882610321045,2.4431397914886475,-3.5663137435913086,-1.8352837562561035,0.048918917775154114,-2.2510735988616943,-1.6032778024673462,0.588295578956604,-2.0796737670898438,-0.8362560272216797,-2.1677770614624023,3.7756505012512207,-5.956350326538086,2.246609687805176,4.047230243682861,1.804123878479004,3.8377695083618164,3.9244046211242676,-0.22726920247077942,-2.6841681003570557,-3.9713668823242188,-0.7981522083282471,6.959760665893555,-0.9772722721099854,1.1208183765411377,-1.154774785041809,1.8036082983016968,4.630404949188232,-4.475090503692627,-1.0646414756774902,3.740955114364624,1.813362956047058,-1.2716158628463745,1.1486506462097168,-1.4263978004455566,-4.390777587890625,3.6159181594848633,3.161836862564087,0.5402320623397827,-1.2978171110153198,-5.271373271942139,4.004500389099121,-0.6740975379943848,4.899282455444336,1.2127859592437744,2.856832504272461,9.415252685546875,1.902484655380249,-3.9274420738220215,2.310927391052246,3.0164172649383545,-1.6934776306152344,1.1153181791305542,2.8467676639556885,3.3239846229553223,0.41790589690208435,-0.36632293462753296,5.871395587921143,0.804183304309845,2.3496971130371094,3.447699546813965,2.120499849319458,4.799055099487305,-0.3387000262737274,4.351268291473389,-4.0349602699279785,1.9168528318405151,-1.7175663709640503,2.050976037979126,-5.762304306030273,-4.312376499176025,-0.94675213098526,1.3276498317718506,-0.05204316973686218,0.5865181684494019,3.394188165664673,0.31374287605285645,3.1520566940307617,-5.752917766571045,3.5241217613220215,1.3999722003936768,0.8678975105285645,-4.6325578689575195,0.6286892294883728,-0.5183377265930176,-1.1146867275238037,6.459505081176758,4.310449600219727,-4.123685836791992,3.496337413787842,2.245452404022217,-2.0153040885925293,-4.321877479553223,2.776395320892334,-1.106429100036621,-1.1248443126678467,-4.0790557861328125,-6.187572956085205,4.686388969421387,3.744305372238159,-1.6449030637741089,-4.6711859703063965,-0.37531864643096924,4.3132829666137695,-1.3574633598327637,0.1255204975605011,2.3269107341766357,-0.6228373050689697,4.005364894866943,-0.01405467838048935,-4.136157989501953,1.4126951694488525,-3.6054117679595947,4.3216657638549805,0.4342573285102844,0.6998769640922546,1.3025133609771729,1.9755007028579712,-4.17203950881958]",2026-05-18T03:25:44.156Z,
2,"[0.04055790975689888,1.5719457864761353,2.345597505569458,-0.5614594221115112,2.2554843425750732,3.196291446685791,4.546307563781738,-1.80272376537323,-0.2570216655731201,-7.61148738861084,2.957803964614868,-3.80666446685791,-1.7635983228683472,0.9331752061843872,-4.211760520935059,-2.937932252883911,1.177119255065918,-3.3959240913391113,-0.5407441258430481,-2.310883045196533,2.796741247177124,-5.329543113708496,1.017199993133545,4.021822452545166,1.346642017364502,4.680495738983154,4.791090488433838,-1.6371053457260132,-1.7137497663497925,-5.127770900726318,-0.3393922746181488,7.283902168273926,-1.5985159873962402,0.8494260907173157,-1.6491652727127075,1.413152813911438,5.2759318351745605,-3.712026357650757,-0.3050216734409332,2.82912015914917,1.6285836696624756,-0.5275114178657532,0.6446373462677002,-1.2862169742584229,-4.217382431030273,3.9974730014801025,2.8838062286376953,-0.03973118215799332,-0.5728197693824768,-4.362668514251709,3.962092638015747,0.24578595161437988,4.372335433959961,1.4549378156661987,1.070732831954956,9.48420524597168,1.6812950372695923,-4.496715545654297,2.2265844345092773,4.0236992835998535,-2.841371536254883,0.8248825669288635,2.8228750228881836,2.5999155044555664,-0.03407055884599686,0.9842597246170044,5.871274471282959,0.9843045473098755,3.398991584777832,4.28378438949585,2.2237634658813477,4.92885160446167,-1.5254929065704346,5.110718727111816,-5.062228202819824,1.703628420829773,-1.5849041938781738,1.405791997909546,-6.029745578765869,-3.857818126678467,-0.7369266748428345,2.097456455230713,1.2428948879241943,-0.7776324152946472,2.042954206466675,1.713698387145996,4.917459487915039,-6.552483558654785,2.562483787536621,2.1359386444091797,-0.37806692719459534,-4.437119007110596,0.5024908185005188,-1.9047414064407349,-1.121488094329834,7.01652193069458,3.1555070877075195,-3.7897562980651855,3.9470252990722656,2.9954347610473633,-3.603985548019409,-3.9225656986236572,3.0375757217407227,-0.885398268699646,-1.4137179851531982,-2.5324902534484863,-6.5469584465026855,5.1000447273254395,2.760240316390991,-2.7370080947875977,-4.192764759063721,-1.5718965530395508,4.053020000457764,-1.1299680471420288,-0.07393024116754532,3.9604790210723877,-1.331602931022644,3.310379981994629,-0.223817378282547,-4.358822822570801,0.7747412919998169,-3.708022356033325,3.7907111644744873,0.9727990627288818,-0.04382903873920441,2.2919795513153076,2.161369800567627,-4.215334415435791]",2026-05-18T03:27:13.654Z,
3,"[0.02500743791460991,1.0823479890823364,0.5922726392745972,-0.8379747271537781,1.5726985931396484,1.9856171607971191,1.5485682487487793,-1.6442444324493408,-1.1156038045883179,-3.5034306049346924,1.3639917373657227,-3.322244167327881,-1.4268618822097778,0.8289777040481567,-1.111798882484436,-1.4787335395812988,0.48430463671684265,-2.6751134395599365,0.46998241543769836,-1.8154646158218384,1.159609317779541,-3.785283088684082,1.0393054485321045,2.2427539825439453,0.9077364206314087,3.4659714698791504,3.1076810359954834,0.4525392949581146,-1.9783527851104736,-3.6046383380889893,-0.05788692086935043,4.523533821105957,-1.0035210847854614,1.000665545463562,-0.8080801963806152,1.3883748054504395,3.0337212085723877,-2.0802226066589355,1.9219896793365479,2.319084405899048,1.287110447883606,-0.8075435757637024,-0.22205498814582825,-1.1985304355621338,-2.461320161819458,2.4714581966400146,1.1551406383514404,1.1304842233657837,0.38727450370788574,-2.5102524757385254,1.8451498746871948,1.0712032318115234,2.5761966705322266,1.7384940385818481,0.9752047061920166,6.074644088745117,0.3634324073791504,-3.1530373096466064,2.335031032562256,2.2196195125579834,-1.1994656324386597,-0.18609590828418732,1.2799506187438965,1.8923041820526123,-0.37562668323516846,-0.5473361015319824,2.7910594940185547,-0.323191374540329,2.0800061225891113,1.7792330980300903,-0.28801995515823364,2.5332911014556885,0.2026124894618988,2.4693291187286377,-3.365521192550659,1.8227629661560059,-0.8108879327774048,0.9512746334075928,-3.4916529655456543,-2.643303394317627,-1.0101803541183472,0.8621609210968018,0.7415394186973572,0.698191225528717,1.975674033164978,-0.06356339156627655,2.6902081966400146,-3.4893736839294434,1.8360424041748047,1.556247591972351,-0.2075624167919159,-2.399327039718628,0.43481168150901794,-0.8797482848167419,-0.07436713576316833,3.7480063438415527,1.349554181098938,-2.712348699569702,1.5145037174224854,1.4866575002670288,-1.557486653327942,-1.680576205253601,1.1027660369873047,-0.9051808714866638,-0.5294937491416931,-1.243368148803711,-3.8160150051116943,3.743258237838745,1.51011061668396,-2.5498034954071045,-1.9283990859985352,-0.9500772356987,1.1637195348739624,-0.40583163499832153,0.7708622217178345,3.20971417427063,-0.23976103961467743,2.0637712478637695,-0.2052995264530182,-1.9267557859420776,0.5083983540534973,-2.284376621246338,2.4047317504882812,0.7817901968955994,-0.07674559950828552,0.24195176362991333,2.647625684738159,-2.313791036605835]",2026-05-18T03:28:38.440Z,
4,"[1.086564540863037,2.951878786087036,2.0157365798950195,-2.0713977813720703,1.8551368713378906,3.119062662124634,2.614689826965332,-3.057612419128418,-1.260714054107666,-8.099238395690918,3.1320910453796387,-4.342094898223877,-2.4638729095458984,0.971871018409729,-2.536942958831787,-1.4681798219680786,0.21777790784835815,-3.203495740890503,0.4065794348716736,-3.356480836868286,3.0646681785583496,-5.222222805023193,1.4771195650100708,4.400608062744141,2.297985792160034,4.323063373565674,4.943168640136719,-0.22836759686470032,-1.6054528951644897,-5.006795406341553,-1.5628149509429932,8.672998428344727,-1.2479968070983887,1.3172845840454102,-1.7038133144378662,2.151561975479126,5.304637432098389,-5.585574150085449,-1.19907546043396,3.366246223449707,2.00750994682312,-2.0187039375305176,0.022875003516674042,-1.3465572595596313,-5.292741298675537,4.2088727951049805,2.7431185245513916,-0.9035584926605225,-0.762060821056366,-4.705089569091797,3.701925754547119,-0.9531728029251099,5.032504081726074,2.9013752937316895,1.6819294691085815,9.621102333068848,1.2677346467971802,-5.624391555786133,2.350430965423584,4.286248683929443,-2.353990316390991,0.4856298565864563,3.557033061981201,3.1685264110565186,-0.07531551271677017,0.3340800404548645,7.250726222991943,-0.08605916053056717,4.024145603179932,3.9938416481018066,1.9797106981277466,5.002253532409668,-0.36718353629112244,6.0107879638671875,-4.9614996910095215,2.872997760772705,-0.7494478225708008,2.4564857482910156,-5.193410873413086,-4.611168384552002,-0.46527084708213806,2.779498338699341,-0.0971570611000061,0.03193875402212143,4.279141426086426,0.037829577922821045,3.8185222148895264,-7.563838481903076,3.9440512657165527,2.405825614929199,0.7994862794876099,-4.621395111083984,0.9673789739608765,-2.3945980072021484,-1.6748908758163452,8.125256538391113,2.4010837078094482,-3.5799458026885986,3.2295162677764893,1.534295678138733,-4.191497325897217,-4.756659984588623,3.8387093544006348,-1.5092337131500244,-0.32219767570495605,-3.234760046005249,-7.4870381355285645,7.405661582946777,2.9942855834960938,-2.891505241394043,-4.71182918548584,-1.137757420539856,3.272698402404785,-0.819771945476532,0.38989943265914917,3.7875993251800537,0.1543840765953064,2.8406519889831543,-0.49917033314704895,-3.272754669189453,1.368723750114441,-4.475433826446533,4.730883598327637,1.2665959596633911,1.8335998058319092,1.8882390260696411,2.1595799922943115,-4.312495231628418]",2026-05-18T03:31:17.075Z,
5,"[0.7679717540740967,2.397397041320801,1.713525414466858,-1.2092646360397339,1.8625952005386353,3.4493072032928467,2.6006646156311035,-1.4752073287963867,-0.3940342366695404,-5.836140155792236,3.295903444290161,-4.118252277374268,-1.3985058069229126,0.9331110715866089,-3.5645575523376465,-1.3672209978103638,1.3504741191864014,-4.067818641662598,0.399655282497406,-2.2997589111328125,2.2095460891723633,-4.482401371002197,2.032973289489746,3.1008031368255615,0.7959026098251343,3.7357096672058105,4.205338478088379,0.35573017597198486,-1.8762989044189453,-5.474535942077637,-1.9000715017318726,6.0946173667907715,-1.1957931518554688,1.7516542673110962,-0.7779334783554077,1.7945588827133179,3.6948883533477783,-2.995567798614502,0.3790660500526428,1.8189154863357544,0.4443674385547638,-1.7668753862380981,-0.4959515631198883,-0.9653258919715881,-4.705777645111084,2.7277727127075195,3.1552469730377197,-0.5239658355712891,0.39540350437164307,-4.4789137840271,4.254832744598389,0.09457005560398102,2.6714422702789307,1.9154528379440308,1.3292303085327148,8.195016860961914,-0.2575704753398895,-5.2139129638671875,1.716138482093811,4.170806884765625,-2.619237184524536,1.1656419038772583,2.871250867843628,1.34674072265625,0.1093016117811203,0.35990601778030396,3.5381901264190674,1.4790112972259521,4.10132360458374,4.023406028747559,0.3061518669128418,3.068256139755249,-0.9393535852432251,3.4456310272216797,-3.4544870853424072,4.194434642791748,-1.3455240726470947,1.1134709119796753,-3.1713411808013916,-4.450315475463867,0.6010594964027405,1.8129311800003052,1.351900339126587,0.3677386939525604,2.459414005279541,1.130698323249817,4.751106262207031,-5.86941385269165,2.701730728149414,2.2142906188964844,0.8081689476966858,-3.2674310207366943,1.2118194103240967,-2.935974597930908,-0.5672692060470581,7.036849498748779,2.0022897720336914,-3.7139265537261963,2.782968282699585,2.971076488494873,-3.5738823413848877,-2.5970892906188965,1.5108722448349,-0.4120473861694336,-0.25376442074775696,-2.14623761177063,-5.445204257965088,5.451345443725586,1.3086854219436646,-3.5602195262908936,-2.815619468688965,-1.6854643821716309,1.1277894973754883,-1.1552550792694092,0.22879329323768616,3.856566905975342,-1.4884018898010254,3.358894109725952,0.44667577743530273,-4.0535502433776855,0.4511116147041321,-3.306941032409668,2.983090400695801,2.556269884109497,1.8210170269012451,0.6631624698638916,2.0435352325439453,-3.217625856399536]",2026-05-18T03:32:44.821Z,
6,"[0.7018389701843262,0.6275224685668945,1.3624187707901,-0.46669188141822815,2.093874454498291,1.784305214881897,2.1915173530578613,-1.573818564414978,-1.1777616739273071,-5.632816791534424,2.014718770980835,-3.491617441177368,-1.5641331672668457,0.5166833400726318,-2.679361343383789,-1.1767255067825317,0.3138945400714874,-2.9706687927246094,-0.6682682037353516,-1.983202338218689,1.5939961671829224,-3.884920835494995,1.7129303216934204,4.099389553070068,1.4242559671401978,3.271881103515625,4.5205864906311035,0.0524141900241375,-1.5232259035110474,-3.6555182933807373,-0.48437783122062683,5.758242607116699,0.07880153506994247,-0.0916992649435997,-1.7188884019851685,2.198819637298584,4.473255157470703,-3.1984591484069824,-0.20616528391838074,2.885409355163574,1.4490447044372559,-0.9199386239051819,0.38119620084762573,-2.082334041595459,-3.069550037384033,3.3144001960754395,2.2145278453826904,-0.03892351686954498,-1.0579030513763428,-3.5030415058135986,3.1937639713287354,-0.8526568412780762,4.368927955627441,1.654584527015686,1.21851646900177,7.939063549041748,1.1375579833984375,-4.117115020751953,2.4593005180358887,3.6179497241973877,-1.7094924449920654,0.6952531337738037,2.490135908126831,1.833387017250061,-0.27017343044281006,0.34607529640197754,5.272350311279297,1.1133549213409424,2.5760107040405273,3.3952114582061768,0.8656107187271118,3.9792845249176025,-1.0958045721054077,4.079109191894531,-3.884859323501587,1.8533130884170532,-1.5354650020599365,1.881757378578186,-3.730818033218384,-3.7433996200561523,-0.6225481629371643,1.740658164024353,0.9252980351448059,0.28388383984565735,2.439753532409668,1.0197728872299194,3.96272349357605,-4.42415189743042,3.1989707946777344,1.4490256309509277,0.6884811520576477,-2.9745352268218994,1.1126065254211426,-1.135776162147522,-1.1861965656280518,5.301758766174316,2.302128553390503,-3.800990343093872,2.836341142654419,2.5204904079437256,-2.9514691829681396,-3.2683658599853516,2.700982093811035,-1.9080159664154053,-0.3280966877937317,-3.2035911083221436,-5.679782390594482,4.895758628845215,2.3846404552459717,-1.5772249698638916,-3.5295684337615967,-1.1107038259506226,2.7240684032440186,-0.7295014262199402,-0.14309541881084442,2.770162582397461,-0.9124677181243896,3.296051263809204,-0.17593538761138916,-3.47133207321167,0.8654207587242126,-3.259019613265991,3.2172932624816895,0.6477039456367493,1.5618845224380493,1.1783636808395386,1.9194599390029907,-3.6965172290802]",2026-05-18T03:34:36.560Z,
7,"[1.1393603086471558,1.6827068328857422,1.1423437595367432,-1.6914128065109253,1.7760547399520874,3.090608835220337,1.7377526760101318,-2.0423569679260254,-2.0065417289733887,-5.738622188568115,1.4358431100845337,-3.7940170764923096,-1.495421051979065,0.8366230726242065,-1.8838399648666382,-0.7033629417419434,0.5965235233306885,-3.485300064086914,1.176634669303894,-2.574122428894043,2.4606199264526367,-4.158699989318848,2.2275102138519287,5.014510631561279,2.265953302383423,3.139472723007202,4.564422607421875,0.5514113903045654,-1.7903189659118652,-4.920648574829102,-1.460013508796692,7.291640758514404,-0.6260408163070679,2.013477325439453,-1.5121924877166748,2.1637117862701416,4.884327411651611,-5.062098503112793,-0.45166653394699097,2.634195566177368,1.5051237344741821,-1.2655580043792725,-0.6671202182769775,-1.4509507417678833,-4.502166271209717,3.510420322418213,2.4573118686676025,-0.034913964569568634,-1.0388187170028687,-3.5035996437072754,2.569404125213623,-0.790784478187561,3.7952706813812256,3.3658881187438965,1.7357518672943115,8.374983787536621,-0.002337699756026268,-5.538902282714844,2.4762048721313477,3.3460261821746826,-1.7292771339416504,0.04941453039646149,3.4420549869537354,2.1152710914611816,-0.7344533801078796,0.024629421532154083,5.5375518798828125,0.25217747688293457,3.0487422943115234,3.1254239082336426,0.9261431097984314,4.2387919425964355,0.49010688066482544,5.483399868011475,-3.939819812774658,2.563777208328247,-0.9543125629425049,2.166818618774414,-3.2794864177703857,-3.7495737075805664,-1.0458446741104126,2.2374653816223145,-0.5351095795631409,0.9651010632514954,4.241824626922607,0.3693891167640686,4.496950149536133,-6.626437664031982,4.048577308654785,2.9628520011901855,0.7850885391235352,-2.9928500652313232,0.37282031774520874,-1.7014992237091064,-0.8703470230102539,6.722813129425049,2.2796223163604736,-4.006160736083984,2.2961695194244385,2.063121795654297,-3.2783620357513428,-3.007110834121704,2.4655046463012695,-1.7476633787155151,-0.2232377529144287,-3.3842203617095947,-7.0762619972229,6.1296539306640625,2.514647960662842,-3.044936418533325,-3.9146907329559326,-1.4706335067749023,2.846966028213501,-0.9265859127044678,0.33400028944015503,3.442108631134033,-0.24497687816619873,2.5120811462402344,-0.5274521708488464,-3.262725830078125,0.7323876023292542,-3.902972459793091,3.559821367263794,1.3699439764022827,1.828905463218689,1.568587303161621,2.954318046569824,-4.197874069213867]",2026-05-18T03:36:08.026Z,
8,"[-0.500851035118103,0.2843073606491089,1.1141613721847534,0.061458803713321686,1.2683019638061523,2.596750020980835,3.23490834236145,-2.119730234146118,-0.3364810049533844,-7.1376872062683105,2.2315361499786377,-4.012136936187744,-2.9829444885253906,-0.014572285115718842,-3.716015338897705,-1.5531506538391113,0.8923196792602539,-0.7932878732681274,-1.7007054090499878,-1.3173210620880127,2.7291064262390137,-3.4964005947113037,1.233859896659851,2.89961314201355,1.9775800704956055,3.402510404586792,3.9428293704986572,-1.0662117004394531,-1.9558172225952148,-3.604452133178711,-0.3361442983150482,6.100192070007324,-0.6314934492111206,0.540615439414978,-0.9675372838973999,1.246202826499939,4.232050895690918,-2.991295576095581,-0.9384075999259949,2.631254196166992,1.6911489963531494,-1.191365122795105,0.2396031767129898,-1.5130751132965088,-1.962454080581665,2.3141000270843506,1.9844454526901245,1.2917450666427612,-1.003515601158142,-3.350032329559326,4.066985607147217,-0.7612370252609253,5.01873779296875,0.8842005133628845,1.8777896165847778,8.689510345458984,1.6408650875091553,-3.69921612739563,2.3375167846679688,2.5459673404693604,-1.113271713256836,1.5896512269973755,1.425413727760315,3.721442461013794,0.7274088263511658,0.8579617738723755,5.706643104553223,0.9064825773239136,1.5927486419677734,1.9441882371902466,0.9879694581031799,3.733189821243286,-0.2700434923171997,3.2632272243499756,-4.29680061340332,0.6037908792495728,-1.5272629261016846,1.7650401592254639,-4.917888164520264,-3.755180597305298,-1.6744072437286377,1.801404356956482,-0.08231207728385925,0.6662572622299194,2.234081983566284,0.8303321003913879,4.2182159423828125,-5.193427085876465,2.8516650199890137,1.0414959192276,0.2654259502887726,-2.715217113494873,0.1624319702386856,-0.7099300026893616,-1.0465763807296753,4.2542009353637695,3.9031519889831543,-4.454993724822998,3.125230550765991,2.7101891040802,-1.7651244401931763,-2.9347634315490723,2.138615131378174,-1.0087270736694336,-0.6187460422515869,-3.094357967376709,-5.3417229652404785,3.553649425506592,2.8916995525360107,-2.2332632541656494,-3.896317481994629,-0.9016507863998413,4.642111301422119,-0.16398629546165466,-1.1272333860397339,2.8179855346679688,-0.892690896987915,4.235036373138428,-0.8919125199317932,-2.6617212295532227,0.529317319393158,-2.207568407058716,3.772090196609497,0.45275595784187317,0.3130047917366028,1.970194697380066,1.9893524646759033,-4.018455505371094]",2026-05-18T03:37:36.088Z,
9,"[-0.6298753023147583,-0.24343101680278778,1.4564939737319946,0.4803670346736908,1.724474549293518,2.128718852996826,2.114999532699585,-1.2330094575881958,-0.8900571465492249,-4.566184043884277,2.1690192222595215,-3.3392093181610107,-1.4030393362045288,1.1932417154312134,-3.087786912918091,-1.4137370586395264,1.3173022270202637,-2.7917439937591553,-0.8899048566818237,-1.3377559185028076,0.9873602390289307,-3.9556949138641357,1.7031258344650269,2.565059185028076,0.5995535254478455,2.851487398147583,4.24001932144165,-0.46925824880599976,-1.2342159748077393,-3.033752918243408,0.08935163915157318,4.4740471839904785,0.3561799228191376,0.166692316532135,-1.0853838920593262,1.35916006565094,3.6492245197296143,-1.9165198802947998,0.280584454536438,1.9816027879714966,0.15854837000370026,-1.1934876441955566,0.11367585510015488,-1.2055768966674805,-3.0629050731658936,2.2680068016052246,2.1428332328796387,-0.21336795389652252,-0.08971822261810303,-3.4826691150665283,4.147589206695557,-0.12702609598636627,3.6497721672058105,0.9263710975646973,0.8449867367744446,6.62668514251709,-0.06881831586360931,-3.833491325378418,1.6715432405471802,3.294480800628662,-1.8989982604980469,0.8227457404136658,2.5252599716186523,0.851145327091217,-0.33041107654571533,0.2918039560317993,3.7717490196228027,1.6297707557678223,2.782531261444092,3.547208309173584,0.5773984789848328,2.21502685546875,-0.9990410208702087,2.3205928802490234,-2.9577343463897705,2.6499969959259033,-0.9537239074707031,0.8116276264190674,-3.078122138977051,-3.3135223388671875,0.18499428033828735,1.5018640756607056,0.8060575723648071,1.21137535572052,0.9762467741966248,1.8157447576522827,3.4527747631073,-4.3134541511535645,1.9468599557876587,1.4732660055160522,0.5801161527633667,-2.6793813705444336,0.5548248291015625,-1.1206775903701782,-1.5475999116897583,5.42189359664917,2.233194351196289,-3.1627345085144043,2.580111503601074,2.815007209777832,-2.7308554649353027,-2.320033550262451,2.175180435180664,-0.6833184361457825,-0.12493559718132019,-2.3419594764709473,-5.172876358032227,3.443434953689575,1.3450895547866821,-2.1658506393432617,-2.8082847595214844,-0.8397587537765503,1.6662908792495728,-1.2207859754562378,0.13518348336219788,2.0359549522399902,-1.9546583890914917,2.785588264465332,-0.5402265787124634,-3.6943867206573486,0.3568979501724243,-3.8555281162261963,2.1374921798706055,1.634187936782837,0.9623626470565796,1.1745951175689697,1.7235639095306396,-2.4580986499786377]",2026-05-18T03:38:31.628Z,
10,"[-0.28887468576431274,1.5454325675964355,1.5719552040100098,-0.10791287571191788,2.1786751747131348,4.0468573570251465,2.1239538192749023,-2.423828125,-0.8668637871742249,-6.53881311416626,2.6433749198913574,-4.3423027992248535,-2.4494218826293945,0.352112352848053,-3.567620038986206,-1.5892969369888306,0.9793621301651001,-4.388254642486572,-0.18935278058052063,-2.324864387512207,2.127300262451172,-4.659826278686523,1.922027349472046,4.30903434753418,1.7144008874893188,4.561367511749268,5.30921745300293,0.5861847400665283,-1.591381549835205,-5.429533958435059,-0.6559932231903076,6.127179145812988,-0.7625461220741272,0.6817470192909241,-1.35941743850708,2.1428821086883545,3.7172064781188965,-3.0614376068115234,0.5422347784042358,3.6578893661499023,1.0810714960098267,-1.8792665004730225,-1.07279372215271,-1.1596659421920776,-3.9632949829101562,3.390209197998047,2.285987615585327,0.6522607803344727,0.17535528540611267,-5.149914741516113,4.169137954711914,1.0672252178192139,4.863463401794434,1.5407333374023438,1.6194700002670288,10.787063598632812,1.9049826860427856,-5.619931221008301,2.2260589599609375,4.345468044281006,-2.1228673458099365,0.6203615665435791,3.1989307403564453,2.5223000049591064,-0.5295253396034241,0.0691661387681961,5.904749393463135,0.9081547856330872,3.2019407749176025,2.976116180419922,-0.10320556908845901,3.9219024181365967,-0.9604077339172363,4.292392253875732,-4.331941604614258,3.3512613773345947,-1.940752625465393,2.3027448654174805,-5.2736616134643555,-4.06701135635376,-0.38651570677757263,1.818552017211914,0.9747238159179688,1.4418094158172607,2.746774673461914,0.49370625615119934,4.705521583557129,-5.32857608795166,2.814582109451294,1.7825958728790283,0.7602789402008057,-4.558913707733154,1.8848342895507812,-1.7887712717056274,-0.6836076974868774,6.352597713470459,2.565136432647705,-4.503914833068848,3.277592182159424,2.793527126312256,-3.161790370941162,-3.6708760261535645,2.0654871463775635,-0.2583528459072113,0.10214022547006607,-3.592862606048584,-6.90364408493042,5.6865620613098145,2.9150052070617676,-3.8578124046325684,-3.4731740951538086,-1.467151403427124,2.8380515575408936,-0.4228409230709076,0.23339572548866272,4.017934799194336,-1.3608081340789795,4.461053848266602,0.24970895051956177,-3.5023820400238037,1.3826770782470703,-4.0738348960876465,3.100219249725342,1.5842139720916748,1.8360081911087036,1.0471504926681519,2.8029913902282715,-3.7881827354431152]",2026-05-18T03:40:56.270Z,
11,"[1.3571377992630005,2.359663486480713,2.431797504425049,-1.6781888008117676,2.446173667907715,2.7147412300109863,3.3566033840179443,-1.9422110319137573,-0.9591644406318665,-6.9871087074279785,3.027515411376953,-4.33262825012207,-2.051534652709961,0.9493622779846191,-3.5965497493743896,-1.5320075750350952,0.7562906742095947,-3.6384973526000977,0.31700408458709717,-2.0510096549987793,2.7436716556549072,-4.477704048156738,1.5625464916229248,4.752628326416016,1.4114171266555786,4.416929721832275,4.910369873046875,-0.664310872554779,-1.5220332145690918,-4.885899543762207,-0.9537836313247681,7.557682991027832,-0.8616014122962952,1.4362478256225586,-2.194688558578491,2.3506557941436768,5.113691329956055,-4.803160190582275,-0.6922629475593567,2.311514377593994,1.2630634307861328,-1.6125341653823853,0.06575069576501846,-1.4352011680603027,-5.034148216247559,4.5768914222717285,3.1158719062805176,-0.9764366149902344,-1.7784554958343506,-4.307463645935059,4.070944786071777,-0.5201915502548218,3.8880391120910645,2.3365206718444824,1.5938607454299927,8.884056091308594,-0.18684722483158112,-5.62504768371582,2.896989345550537,4.797465801239014,-1.7816894054412842,0.822281539440155,3.7420544624328613,2.0809974670410156,-0.13658040761947632,0.8722950220108032,5.543416976928711,0.9443800449371338,4.2833967208862305,4.7662353515625,1.7213810682296753,4.015953063964844,-0.7253395915031433,5.181462287902832,-4.396800994873047,3.5477097034454346,-1.2740885019302368,1.662516474723816,-3.909862756729126,-4.3468122482299805,-0.3892187178134918,2.6582276821136475,0.5918777585029602,0.3306484520435333,3.4846444129943848,1.074288249015808,4.691049575805664,-7.14739465713501,4.10908842086792,2.2086422443389893,0.16549816727638245,-3.4967026710510254,1.044687271118164,-2.1570885181427,-0.9856412410736084,7.0107879638671875,2.6303510665893555,-3.8821804523468018,3.2296392917633057,2.5978457927703857,-4.008396148681641,-3.8997249603271484,3.0438971519470215,-1.2447023391723633,-0.9009613394737244,-2.902160882949829,-6.886312961578369,6.799195289611816,1.7045745849609375,-2.8495218753814697,-3.884181261062622,-1.657314658164978,3.209268569946289,-1.2305988073349,0.348366379737854,4.01044225692749,-1.1619818210601807,2.9850924015045166,-0.3946729302406311,-4.108983039855957,1.1307594776153564,-3.4633822441101074,3.2574479579925537,1.327310562133789,1.347604513168335,1.6554104089736938,2.046065092086792,-4.3511834144592285]",2026-05-18T03:45:51.271Z,
12,"[0.719559907913208,1.5080653429031372,1.5449705123901367,-1.1428309679031372,1.9553660154342651,2.42549467086792,2.397005319595337,-2.051398754119873,-1.2108852863311768,-5.101330757141113,2.4309263229370117,-4.107176303863525,0.0212724432349205,0.08189983665943146,-2.554075241088867,-1.6872526407241821,0.5628886818885803,-4.610478401184082,0.646465539932251,-2.105910301208496,2.8337478637695312,-4.674932956695557,1.2244945764541626,4.807986736297607,2.173924207687378,4.536739826202393,5.296369552612305,0.47799238562583923,-0.6452822089195251,-4.760853290557861,-1.1723054647445679,6.205376148223877,-0.922470211982727,1.5738557577133179,-1.452048659324646,1.6660581827163696,3.7355332374572754,-3.50700306892395,-0.07188871502876282,2.027838706970215,1.47140371799469,-0.9966966509819031,-0.2075289487838745,-0.14604094624519348,-5.231540679931641,3.2108314037323,2.990246295928955,-0.23671084642410278,-0.39350268244743347,-4.951564788818359,3.402092218399048,0.8681578636169434,2.906905174255371,2.349616527557373,1.188059687614441,8.817691802978516,0.5261048078536987,-5.309406757354736,2.642049789428711,4.294406414031982,-2.0596730709075928,0.3470114469528198,3.04789137840271,1.1437311172485352,-0.7820368409156799,0.10271107405424118,3.7445662021636963,-0.09125667065382004,3.070240020751953,3.6605279445648193,1.0505772829055786,3.0298116207122803,-0.6651739478111267,4.038887977600098,-4.0921149253845215,2.9662604331970215,-0.81581711769104,2.0267961025238037,-3.8248157501220703,-4.069799900054932,-0.09759119153022766,1.4864057302474976,1.283225655555725,1.1846394538879395,3.463473320007324,1.0452874898910522,4.5499467849731445,-6.185471057891846,3.5650222301483154,1.6403825283050537,0.24983784556388855,-3.6279220581054688,1.1428725719451904,-2.1230618953704834,-0.19781705737113953,6.948927402496338,2.348284959793091,-4.902956962585449,2.836615562438965,1.6559581756591797,-3.2096571922302246,-2.5584418773651123,2.9098381996154785,-0.65228271484375,-0.6443189382553101,-1.979180097579956,-5.844290733337402,5.763668537139893,2.471506357192993,-2.9602816104888916,-2.913238525390625,-2.436462640762329,1.929684042930603,-0.9128662943840027,0.9385300874710083,3.590487480163574,-1.1646233797073364,3.0292749404907227,0.03636894375085831,-4.1559367179870605,2.0182058811187744,-3.1969387531280518,2.5975191593170166,1.6774706840515137,1.2579485177993774,1.5638564825057983,2.9530446529388428,-3.8915517330169678]",2026-05-18T03:47:18.871Z,
13,"[0.9057408571243286,1.2910006046295166,1.5720765590667725,-1.4151511192321777,2.376464605331421,3.6037449836730957,3.024855375289917,-2.839212656021118,-1.6800971031188965,-5.801035404205322,2.0934863090515137,-4.784616470336914,-0.7840923070907593,0.025025762617588043,-2.3759093284606934,-1.0618584156036377,0.612431526184082,-4.204888343811035,0.26967790722846985,-3.4923558235168457,4.09809684753418,-5.375814437866211,1.7202965021133423,5.73091459274292,2.695223808288574,3.855764389038086,4.39450740814209,-0.02920149266719818,-1.5356128215789795,-4.804102897644043,-1.0349819660186768,7.136220932006836,-1.0784029960632324,2.4659411907196045,-0.4470369219779968,1.9073584079742432,4.223348617553711,-3.847080707550049,-0.3098222613334656,3.3024990558624268,2.709864616394043,-1.0939654111862183,0.2756383717060089,-0.6291029453277588,-5.986591815948486,3.8175477981567383,3.653656005859375,0.2401174157857895,-1.3785516023635864,-6.105344772338867,3.1719377040863037,-0.14494113624095917,3.6561226844787598,2.791774034500122,2.243201732635498,9.823209762573242,1.3015756607055664,-6.1379194259643555,3.0076098442077637,3.9428892135620117,-1.9702684879302979,0.3247219920158386,2.6256825923919678,1.9066863059997559,-0.17926830053329468,-0.42933785915374756,5.265068531036377,0.5955079793930054,3.0962390899658203,3.3113434314727783,1.4442654848098755,4.448504447937012,-0.5768747329711914,4.918679237365723,-4.731724739074707,3.231085777282715,-0.8465986251831055,3.0156798362731934,-4.821550369262695,-4.432637691497803,-0.19100067019462585,1.5036062002182007,0.11674745380878448,0.6632285714149475,3.801124334335327,0.5341172814369202,5.265904426574707,-6.994953155517578,3.646575450897217,2.616210460662842,1.183599591255188,-3.659032106399536,1.1563045978546143,-2.211308717727661,-0.3805995583534241,7.943719863891602,3.58262038230896,-4.988606929779053,3.3179550170898438,2.6239404678344727,-4.044133186340332,-3.8316569328308105,1.7467948198318481,-1.10722815990448,-0.709855318069458,-3.523245334625244,-6.894446849822998,5.566479206085205,3.475322961807251,-3.0647287368774414,-4.563187122344971,-2.0640945434570312,3.381061553955078,-1.7241615056991577,-0.15088200569152832,2.976809501647949,-0.7868490219116211,3.713285207748413,0.26248806715011597,-4.143630504608154,1.5011564493179321,-3.6309969425201416,4.0185017585754395,1.4709745645523071,1.853121042251587,2.1610147953033447,2.9109716415405273,-4.690397262573242]",2026-05-18T03:50:03.644Z,
14,"[1.1966966390609741,2.349137783050537,1.5681811571121216,-1.9073313474655151,2.109964609146118,2.7429146766662598,3.4460558891296387,-2.386892318725586,-0.7840571999549866,-6.62746524810791,3.102989435195923,-4.02554178237915,-1.7028896808624268,0.11950771510601044,-3.1789627075195312,-1.476639747619629,0.5590198040008545,-4.012575149536133,0.42642900347709656,-2.712599754333496,2.6312737464904785,-4.987525939941406,1.2730916738510132,5.192180633544922,1.4308778047561646,4.231306076049805,5.038583278656006,-0.24850058555603027,-1.7359287738800049,-4.228204250335693,-0.5062159299850464,7.190340042114258,-0.66069096326828,1.6669723987579346,-2.451427698135376,1.5980216264724731,4.670753002166748,-3.591702461242676,-0.158931702375412,2.5903384685516357,1.534014105796814,-1.3638248443603516,0.07642662525177002,-1.0090632438659668,-5.296469211578369,3.7732045650482178,2.934122323989868,-0.4992661774158478,-1.5156530141830444,-4.837050914764404,4.345165252685547,-0.13897384703159332,3.891305446624756,2.2324166297912598,1.5678340196609497,10.051112174987793,0.6117953062057495,-5.636183261871338,2.2004599571228027,4.477925777435303,-2.281362771987915,0.9647242426872253,2.9268178939819336,1.9829379320144653,0.20730331540107727,0.09956848621368408,4.992892742156982,0.5994260311126709,2.986952543258667,3.9397194385528564,1.7893857955932617,4.509737968444824,-0.4400344789028168,4.777843952178955,-4.867971897125244,3.4122354984283447,-1.7852550745010376,1.5569297075271606,-4.751313209533691,-4.884994983673096,-0.427353173494339,2.58834171295166,0.7352953553199768,0.5361559391021729,3.119713306427002,0.756809651851654,4.943659782409668,-6.505795478820801,3.968508720397949,2.095076560974121,0.13169260323047638,-4.279139995574951,1.4444953203201294,-1.7850764989852905,-0.2382342517375946,6.6276140213012695,2.7638871669769287,-4.265061855316162,3.2297840118408203,2.0952117443084717,-3.0476865768432617,-4.115265369415283,2.838785171508789,-1.3184421062469482,-0.9123514294624329,-3.145061731338501,-6.930299282073975,6.0955023765563965,2.6075873374938965,-3.026355028152466,-3.8707969188690186,-1.8785752058029175,2.9861414432525635,-1.022655725479126,0.07433363795280457,3.73297381401062,-1.2489824295043945,3.360011339187622,-0.21115821599960327,-3.7475228309631348,1.3245927095413208,-2.920701026916504,3.5655360221862793,1.6406810283660889,1.1619398593902588,1.9296597242355347,2.0240190029144287,-4.692882537841797]",2026-05-18T03:52:09.313Z,
15,"[0.6718031167984009,1.047650694847107,2.8133273124694824,-1.5466716289520264,2.1608645915985107,3.3618128299713135,3.1149604320526123,-2.507254123687744,-1.9510891437530518,-5.746732234954834,2.8693041801452637,-4.536273956298828,-0.8190815448760986,0.5699535608291626,-3.701878547668457,-1.8017549514770508,1.1527440547943115,-5.123043060302734,0.2935718297958374,-3.769724130630493,3.4922571182250977,-6.099617958068848,1.0699043273925781,4.744988918304443,2.4538066387176514,5.208333492279053,5.056281566619873,0.5038199424743652,-0.9326510429382324,-5.838708877563477,-1.5007364749908447,7.331492900848389,-1.6492594480514526,2.2579433917999268,-1.3852487802505493,1.8963743448257446,4.640267372131348,-2.902825117111206,-0.23897019028663635,2.0431084632873535,2.074502944946289,-0.8573686480522156,0.20138999819755554,-0.6003381013870239,-7.357001304626465,4.026867866516113,3.661287307739258,-0.004218721762299538,-0.2567046880722046,-6.657249450683594,5.095698833465576,0.9983924031257629,3.594862937927246,1.938417673110962,2.1745288372039795,10.338399887084961,0.242204487323761,-6.480732440948486,2.1964964866638184,4.805692672729492,-3.2498087882995605,0.37567585706710815,3.142322301864624,2.489351987838745,-0.24713143706321716,0.5667219161987305,4.025259971618652,1.3556783199310303,5.133474349975586,5.254689693450928,1.9279650449752808,3.7872326374053955,-1.527842402458191,4.524616718292236,-4.302814483642578,4.292010307312012,-1.4273126125335693,2.158444404602051,-4.819035053253174,-4.433305740356445,0.20821872353553772,1.4059765338897705,1.369838833808899,1.3870280981063843,3.225719928741455,1.4538671970367432,5.788431167602539,-6.955888748168945,2.6381561756134033,2.9943602085113525,0.9163500070571899,-4.939255237579346,2.471954584121704,-2.4454638957977295,0.1772010326385498,8.252157211303711,4.341623783111572,-4.2258453369140625,4.410275936126709,2.9402639865875244,-3.9870378971099854,-3.177699327468872,2.348818302154541,-0.11427078396081924,-1.2169265747070312,-2.3239457607269287,-7.367043972015381,5.601431846618652,1.9502828121185303,-3.550812005996704,-4.0487895011901855,-1.9042835235595703,2.2315709590911865,-2.2361652851104736,1.290346622467041,3.9278430938720703,-1.9706381559371948,4.309441089630127,0.3182009160518646,-5.665640830993652,1.894020915031433,-4.298485279083252,3.538536310195923,2.8283960819244385,1.256392002105713,1.4963258504867554,2.710031747817993,-3.176288366317749]",2026-05-18T03:53:22.762Z,
16,"[-0.082338348031044,1.2727234363555908,1.2308762073516846,0.00009437650442123413,1.7297388315200806,2.668036937713623,3.2758965492248535,-1.259827733039856,-0.1927165687084198,-5.120492935180664,2.2692458629608154,-2.7286412715911865,-1.1799274682998657,0.5326826572418213,-3.330763578414917,-1.6176639795303345,1.1542671918869019,-2.969132423400879,-0.5508314371109009,-0.8469658493995667,2.3890128135681152,-4.457756042480469,0.9077327847480774,3.971717357635498,1.2350338697433472,3.2267560958862305,4.394589900970459,-0.9453872442245483,-1.3133282661437988,-4.372128009796143,-0.38019859790802,5.030537128448486,-1.187077522277832,0.6850829124450684,-1.4207228422164917,1.3072166442871094,3.5721163749694824,-3.1871047019958496,-0.5726592540740967,1.9281234741210938,0.7702645063400269,-1.0228880643844604,-0.29160547256469727,-0.37562230229377747,-4.268392562866211,2.719188690185547,2.4382126331329346,0.01584186591207981,-1.601859211921692,-3.9939165115356445,3.3028178215026855,0.6335698366165161,3.582972764968872,2.0368998050689697,0.7889103293418884,8.47957706451416,0.40925130248069763,-4.544591903686523,1.9429876804351807,3.252103090286255,-2.075882911682129,1.9349000453948975,2.416461944580078,1.5343265533447266,0.4411783516407013,0.3026689887046814,4.078792095184326,1.0489096641540527,2.279613733291626,3.18489146232605,1.3083257675170898,3.371847629547119,-0.24783065915107727,3.1951189041137695,-3.4130756855010986,2.0406880378723145,-0.7491854429244995,1.2423893213272095,-4.160805702209473,-3.9793550968170166,-0.337378591299057,0.7314422130584717,0.04646008089184761,0.06096980720758438,2.425382137298584,1.2920671701431274,3.956594705581665,-5.671257019042969,3.350597620010376,1.625386118888855,0.04341047257184982,-3.4800338745117188,0.47836771607398987,-1.856201171875,-0.8780357837677002,5.9784955978393555,3.6096789836883545,-4.5041584968566895,3.4281554222106934,2.625474691390991,-2.66682767868042,-1.109482765197754,2.56870698928833,-1.0427675247192383,-0.05971501022577286,-2.4274516105651855,-4.986298084259033,3.872352123260498,2.7273361682891846,-2.799678325653076,-2.797531843185425,-0.6222237348556519,3.0735881328582764,-1.473537802696228,-0.4726520776748657,3.3642659187316895,-2.2000491619110107,4.352308750152588,-0.19839352369308472,-3.6676278114318848,0.5796930193901062,-2.9636614322662354,2.9213972091674805,1.2512123584747314,1.1016016006469727,1.743847131729126,2.290703773498535,-3.2584228515625]",2026-05-18T03:56:32.719Z,
17,"[1.105613112449646,1.6892123222351074,2.1441726684570312,-0.9681239724159241,2.19183349609375,2.6971664428710938,2.8102529048919678,-1.6537848711013794,-1.7117998600006104,-4.9143242835998535,2.4889466762542725,-4.640311241149902,-2.3737375736236572,0.2671172320842743,-3.1690540313720703,-1.1021815538406372,0.8090447187423706,-3.4470291137695312,0.07903380692005157,-2.0513057708740234,2.6099464893341064,-3.8344321250915527,1.9427436590194702,4.30996036529541,2.6582090854644775,3.5127158164978027,4.550267219543457,0.7287681102752686,-1.004969835281372,-4.442478656768799,-1.1142361164093018,6.549820899963379,-0.4368397295475006,1.2699518203735352,-0.9300635457038879,1.8718219995498657,4.493983268737793,-3.9965028762817383,-0.4318293333053589,2.3343939781188965,1.1297122240066528,-1.844484806060791,-0.7461974620819092,-1.059645175933838,-4.325682640075684,3.2333953380584717,2.6055049896240234,0.39039430022239685,-1.5706509351730347,-3.547053575515747,3.2596275806427,0.3889581263065338,4.081230640411377,2.773629903793335,1.2765331268310547,8.82935619354248,-0.24866165220737457,-5.589536190032959,2.6233606338500977,3.9055984020233154,-1.4563196897506714,-0.2542586028575897,3.2449862957000732,1.577466368675232,-0.35909542441368103,0.9028623700141907,4.716790199279785,1.3890324831008911,3.47304630279541,3.5692412853240967,0.5405732989311218,2.826815605163574,0.060513533651828766,4.567293643951416,-4.02354097366333,3.0071914196014404,-0.46292388439178467,2.1675467491149902,-3.5114922523498535,-3.0709142684936523,-0.7339776754379272,2.1837692260742188,0.3995043933391571,1.036757230758667,4.10354471206665,0.7434437274932861,4.678796768188477,-6.942986011505127,4.281310081481934,3.1486730575561523,-0.24484053254127502,-2.77423095703125,0.8917487263679504,-1.6382557153701782,-0.7816502451896667,5.863488674163818,2.3441669940948486,-4.346546649932861,2.290487289428711,2.3723504543304443,-3.5417866706848145,-2.4888670444488525,2.37746524810791,-1.159203052520752,-0.8447893857955933,-2.3609633445739746,-6.366964340209961,5.809423446655273,2.197028160095215,-2.589184284210205,-3.6317732334136963,-1.1426212787628174,2.894540309906006,-1.2883341312408447,0.7274025678634644,3.528360605239868,-0.9871422052383423,2.563871383666992,-0.23320665955543518,-4.0002241134643555,1.6504870653152466,-3.5222647190093994,2.3629753589630127,1.7307332754135132,1.4683209657669067,1.9386430978775024,2.6329500675201416,-3.1645240783691406]",2026-05-18T03:58:15.552Z,
18,"[0.7327742576599121,2.4177486896514893,1.499308705329895,-1.1291332244873047,2.024226188659668,3.675869941711426,2.8614461421966553,-1.660149335861206,-0.47623082995414734,-6.918399810791016,3.334987163543701,-4.461147308349609,-1.8019570112228394,0.8279519081115723,-3.6381995677948,-2.117170572280884,1.1407839059829712,-3.780548334121704,0.029799960553646088,-2.652810573577881,2.4326910972595215,-4.640683174133301,1.8412301540374756,3.8761415481567383,1.5909286737442017,3.836167097091675,4.513227462768555,-0.15733835101127625,-1.428985834121704,-5.661860466003418,-1.464237093925476,6.85255765914917,-1.2040386199951172,1.3219174146652222,-1.3724675178527832,1.199519395828247,5.014966011047363,-3.1743271350860596,0.03578495234251022,1.815433144569397,0.8842609524726868,-1.827223777770996,-0.19460833072662354,-1.1359130144119263,-4.777431011199951,2.9271087646484375,3.472177743911743,-0.5313022136688232,0.5264162421226501,-4.373611927032471,4.504759311676025,0.06894122064113617,3.782726287841797,1.7557810544967651,1.3205550909042358,9.571127891540527,0.6387525796890259,-5.456628322601318,1.8443549871444702,4.641282081604004,-3.070364236831665,0.7595311999320984,2.9561989307403564,1.9175549745559692,0.11357250809669495,0.6508391499519348,4.755739688873291,1.1382431983947754,3.584684371948242,3.7254786491394043,0.8458787202835083,3.9998667240142822,-1.6152231693267822,4.492520332336426,-4.5172648429870605,3.320288896560669,-1.835356593132019,1.1969609260559082,-4.5821404457092285,-4.327702045440674,-0.14725999534130096,2.4604408740997314,1.7272920608520508,0.6277763247489929,2.8024630546569824,1.4199358224868774,5.067392349243164,-6.265993595123291,2.855297803878784,1.968726634979248,0.4520266652107239,-4.212732315063477,0.9176461696624756,-2.717926502227783,-0.7504407167434692,7.0055928230285645,2.215548038482666,-4.2118048667907715,3.5320816040039062,2.5982553958892822,-3.7898895740509033,-3.592674970626831,2.408726215362549,-0.4716719686985016,-0.8784481287002563,-2.515606641769409,-6.386989593505859,5.71718692779541,2.3675696849823,-3.3053019046783447,-3.859219789505005,-2.103747606277466,2.188616991043091,-1.109479546546936,0.08919811248779297,3.473912477493286,-1.0279604196548462,3.449479818344116,-0.03146209567785263,-4.014762878417969,0.9328339099884033,-3.5147743225097656,3.540588140487671,2.5306787490844727,0.8990237712860107,1.64949369430542,1.970259666442871,-3.8370373249053955]",2026-05-18T03:59:34.780Z,
19,"[0.853796124458313,1.8954564332962036,1.4719852209091187,-1.3093446493148804,1.9125657081604004,2.7385098934173584,2.4755911827087402,-1.8755557537078857,-0.9452369809150696,-6.468941688537598,3.007761001586914,-3.744886875152588,-1.9588264226913452,0.28046438097953796,-2.725257635116577,-2.3707752227783203,1.118399977684021,-3.9217944145202637,0.09488758444786072,-2.4964020252227783,2.5251381397247314,-4.965158939361572,1.0590882301330566,4.86884880065918,1.369558572769165,4.61917781829834,5.039929389953613,-0.5436527132987976,-1.1007590293884277,-4.755963325500488,-0.43004319071769714,6.858265399932861,-1.2262513637542725,1.396889328956604,-1.646254539489746,1.99021315574646,4.3795623779296875,-4.0974650382995605,-0.08726558089256287,2.8230226039886475,1.5594093799591064,-0.7550826668739319,0.5784397125244141,-1.4215097427368164,-4.545393943786621,3.6365063190460205,3.5830698013305664,-0.4132126569747925,-0.4368046522140503,-4.563854217529297,3.7974355220794678,-0.04902927204966545,3.965635299682617,1.922824501991272,0.9012325406074524,9.703850746154785,1.2875115871429443,-5.209400653839111,1.806111216545105,4.3175764083862305,-2.3393592834472656,0.4350395202636719,3.359602689743042,2.8062021732330322,0.24331113696098328,0.5338255167007446,5.172670841217041,1.0919109582901,3.4812233448028564,4.051871299743652,1.8313525915145874,4.431220531463623,-0.7329913377761841,4.900961875915527,-4.1784138679504395,2.3974623680114746,-1.025307536125183,1.438772201538086,-5.275609016418457,-4.219882488250732,-0.982308030128479,1.9102840423583984,1.2632546424865723,0.5233460068702698,3.110792398452759,0.8341808319091797,4.752744674682617,-6.298598766326904,2.9985759258270264,2.0995821952819824,0.010063990950584412,-3.920588493347168,1.2359594106674194,-1.8872044086456299,-0.4475817084312439,6.321050643920898,2.6584787368774414,-3.4305577278137207,3.2338955402374268,2.3891706466674805,-3.2888214588165283,-3.5605993270874023,3.2731270790100098,-0.34576332569122314,-0.21569904685020447,-2.7285544872283936,-6.7581868171691895,5.8484673500061035,2.1979222297668457,-3.175363779067993,-3.3952767848968506,-1.7548009157180786,2.9052624702453613,-0.7351037263870239,0.5241831541061401,3.637422561645508,-1.316358208656311,3.9341161251068115,0.8273987770080566,-3.7771623134613037,1.1213001012802124,-3.647793769836426,3.428323984146118,1.7682585716247559,0.7326078414916992,1.1614899635314941,1.7417103052139282,-3.56718373298645]",2026-05-18T04:00:53.471Z,
20,"[0.5823251008987427,0.8547447919845581,1.4459023475646973,-0.5364840030670166,2.0336813926696777,3.558026075363159,2.1896328926086426,-2.016153335571289,-1.018384337425232,-5.843480587005615,1.8266240358352661,-3.5161147117614746,-1.8593451976776123,0.9220585823059082,-3.1777737140655518,-1.5917139053344727,1.1725866794586182,-3.5708069801330566,-0.1204022467136383,-2.2195703983306885,2.0968406200408936,-4.344390869140625,1.9797873497009277,2.9272589683532715,1.4949356317520142,3.408200740814209,4.083845138549805,-0.3091020882129669,-1.452709674835205,-4.484227180480957,-0.5149134397506714,5.414319038391113,-0.7623730897903442,0.570169985294342,-1.0830588340759277,1.4856775999069214,4.2692036628723145,-2.774075746536255,0.6037448644638062,2.892505407333374,0.9933748841285706,-1.3687814474105835,-0.5749651193618774,-1.2615692615509033,-3.3807713985443115,2.8296926021575928,2.5643651485443115,0.530847430229187,0.35880202054977417,-3.787306785583496,3.2908802032470703,-0.1264878213405609,3.576115369796753,1.436948299407959,1.39606773853302,8.391746520996094,0.8928139209747314,-4.863931655883789,2.523322105407715,3.9484457969665527,-2.038642168045044,-0.1359628587961197,2.956965923309326,1.1857753992080688,-0.9320710301399231,0.2736157178878784,4.249475479125977,1.440821886062622,2.6836321353912354,3.023299217224121,-0.2731502950191498,3.791123867034912,-1.2434312105178833,3.254521131515503,-3.4449009895324707,2.5397181510925293,-1.3145179748535156,1.3490219116210938,-4.128433704376221,-3.592543601989746,-1.044206142425537,1.4519253969192505,1.0940648317337036,1.071829915046692,2.1055381298065186,0.9810765981674194,4.231164932250977,-5.266242980957031,2.830913543701172,2.0629513263702393,0.5014289021492004,-3.7728614807128906,0.9518109560012817,-2.457833766937256,-0.9191876649856567,5.551591873168945,2.5666985511779785,-3.962415933609009,3.145317554473877,2.8171334266662598,-2.391749382019043,-2.719259738922119,1.7910939455032349,-0.47832533717155457,-0.11549736559391022,-2.7212440967559814,-5.967568874359131,4.71038293838501,2.2209157943725586,-2.9525153636932373,-2.8695414066314697,-1.5570194721221924,2.2933008670806885,-1.3459733724594116,0.47048696875572205,2.861508369445801,-1.2813916206359863,3.890995502471924,-0.11777322739362717,-3.927485942840576,1.0027745962142944,-3.464806318283081,3.040060043334961,1.7163630723953247,0.8864744305610657,0.8363257646560669,1.5873842239379883,-3.1023645401000977]",2026-05-18T04:02:43.400Z,
21,"[1.1278842687606812,1.6454088687896729,1.2079440355300903,-1.0242549180984497,1.4480094909667969,3.748051404953003,2.7005436420440674,-2.267404317855835,-1.460084080696106,-6.4250712394714355,1.8767409324645996,-3.783045768737793,-2.1829147338867188,0.5356489419937134,-2.710275411605835,-1.1646708250045776,0.7162965536117554,-2.284466028213501,0.1432984173297882,-1.5501991510391235,1.9420753717422485,-4.219759464263916,2.900658369064331,3.215308427810669,2.6987431049346924,3.8133294582366943,4.429792881011963,-0.12913759052753448,-2.2089338302612305,-4.159700393676758,-0.7209117412567139,6.217010974884033,-1.3118177652359009,1.7676187753677368,-1.3752158880233765,1.5842779874801636,4.606626987457275,-3.8868534564971924,0.9025838375091553,3.5621602535247803,1.4421055316925049,-1.9610971212387085,-0.3857749402523041,-1.4455018043518066,-1.8870683908462524,2.2470510005950928,2.3648135662078857,0.834513783454895,-0.5720906257629395,-3.434492826461792,2.2606797218322754,-0.653437614440918,3.8673198223114014,2.9296376705169678,0.8351752161979675,8.529339790344238,1.3070082664489746,-4.8282670974731445,2.7523226737976074,3.3324389457702637,-1.3055591583251953,-0.019163988530635834,2.9092726707458496,1.522998571395874,-0.6628381013870239,-0.036197587847709656,4.955028057098389,0.4248787760734558,1.5061659812927246,2.115744113922119,-0.09212535619735718,4.3845977783203125,0.4018957018852234,5.125381946563721,-3.8612189292907715,1.7434213161468506,-1.2732781171798706,1.795448899269104,-3.5703532695770264,-3.6542646884918213,-1.3768810033798218,1.9967896938323975,-0.1813415288925171,0.9165863990783691,4.1048173904418945,0.6152735352516174,4.7267961502075195,-6.073338031768799,3.690539598464966,3.0982115268707275,-0.2015153467655182,-2.8611512184143066,0.514190137386322,-2.505145311355591,-1.6601548194885254,5.908758640289307,2.099393129348755,-4.388458251953125,2.1427536010742188,1.8125001192092896,-2.485590934753418,-3.234966516494751,2.355177402496338,-1.7986730337142944,-0.38027438521385193,-2.604421377182007,-6.860374450683594,5.46570348739624,2.5879509449005127,-3.0878703594207764,-3.2525923252105713,-0.7588012218475342,3.5214309692382812,-1.6838833093643188,0.9245489835739136,3.664444923400879,-1.1576725244522095,3.487893581390381,0.2201429009437561,-3.2496213912963867,1.2423471212387085,-3.401867628097534,3.5844225883483887,1.8872989416122437,0.7758091688156128,1.2076979875564575,2.1895925998687744,-4.017101287841797]",2026-05-18T04:05:12.149Z,
22,"[0.6035442352294922,2.1977310180664062,1.973548173904419,-1.2412902116775513,2.7075891494750977,5.1381635665893555,3.9466702938079834,-2.7287046909332275,-0.40434959530830383,-9.173580169677734,2.609337568283081,-3.356395721435547,-2.9721975326538086,-0.7138069868087769,-4.0992937088012695,-1.2968686819076538,0.2685988247394562,-3.0861055850982666,-0.4293881356716156,-1.2977925539016724,3.8229219913482666,-4.8082661628723145,1.8155955076217651,6.69235372543335,2.4084904193878174,4.566292762756348,7.180171489715576,-1.120550274848938,-2.7660129070281982,-5.431219100952148,-1.069057822227478,8.861431121826172,-1.7729374170303345,1.325190544128418,-2.506065607070923,2.0676097869873047,6.538540840148926,-6.839858531951904,-1.5393521785736084,4.559207439422607,2.443754196166992,-2.7309205532073975,-0.8198809623718262,-1.4309041500091553,-5.150630474090576,3.425906181335449,2.894122838973999,-0.00436311773955822,-2.06056809425354,-4.569929122924805,3.510586977005005,-1.2307440042495728,7.598948955535889,3.3127291202545166,1.6769970655441284,12.73813533782959,1.7766722440719604,-7.016739368438721,2.344727039337158,4.294108867645264,-2.863821268081665,1.4124202728271484,3.7739508152008057,4.025719165802002,0.43523892760276794,0.5610172748565674,9.10046100616455,0.9141747355461121,2.036243200302124,3.60176944732666,2.514345407485962,6.812253475189209,0.6942674517631531,7.794785022735596,-5.22548770904541,1.3293037414550781,-1.3682407140731812,3.6026451587677,-6.904923439025879,-4.702457904815674,-3.086721658706665,1.7637418508529663,-0.7842252254486084,0.5362944602966309,6.071737289428711,0.7856452465057373,5.848249435424805,-8.540203094482422,5.923839092254639,2.4746603965759277,-0.04163365811109543,-5.382594108581543,-0.0040480755269527435,-2.3881919384002686,-1.2564517259597778,7.603551387786865,4.16625452041626,-6.377488613128662,4.774028301239014,2.038994789123535,-2.9622304439544678,-3.476832628250122,4.048462390899658,-2.557675838470459,-0.8007326722145081,-4.3314032554626465,-8.510175704956055,6.066718101501465,5.093526840209961,-3.866356611251831,-4.697817802429199,-0.38417279720306396,6.35370397567749,-1.2011910676956177,-0.25372493267059326,5.304451942443848,-1.2828166484832764,6.137362480163574,-0.7649331092834473,-3.6935698986053467,1.6892499923706055,-4.962687969207764,5.886332988739014,0.48855894804000854,1.1732945442199707,3.1156809329986572,3.2897820472717285,-5.191302299499512]",2026-05-18T04:07:58.808Z,
23,"[-0.39598020911216736,1.4783146381378174,1.7447516918182373,-0.36127254366874695,2.2424278259277344,2.729304075241089,2.880328416824341,-1.378695011138916,-0.31629467010498047,-5.856860160827637,2.182359218597412,-3.625540256500244,-1.752365231513977,0.9342331886291504,-3.5335166454315186,-1.7555210590362549,1.4066638946533203,-3.1827261447906494,-0.4076801538467407,-2.108806848526001,1.972882628440857,-4.819250106811523,1.2580586671829224,3.841972827911377,2.000570774078369,4.013319492340088,4.356505870819092,-0.46440422534942627,-1.1890252828598022,-4.735729217529297,-0.37551039457321167,5.635179042816162,-1.7168041467666626,1.1116398572921753,-1.1991995573043823,1.0624415874481201,4.488953113555908,-2.255596399307251,0.302783727645874,2.8284401893615723,1.4648265838623047,-1.3867357969284058,-0.010771147906780243,-0.2851235270500183,-4.072242736816406,3.010725736618042,2.546302556991577,0.3737419843673706,-0.2120896875858307,-4.038798809051514,3.279449224472046,1.3343391418457031,4.128541946411133,2.060082197189331,1.1917845010757446,8.35461139678955,0.3839138150215149,-4.748325824737549,2.585507392883301,3.997912883758545,-2.073058605194092,0.7169865965843201,1.8091169595718384,1.941127896308899,-0.0825054794549942,0.5167604684829712,3.900892972946167,1.0487951040267944,2.9337334632873535,2.75103759765625,0.6398447155952454,3.7285454273223877,-0.6763413548469543,4.273745059967041,-4.46716833114624,2.4576244354248047,-0.9801881313323975,1.7519934177398682,-4.249647617340088,-4.1847243309021,-0.7960494756698608,1.3442590236663818,0.7790179252624512,0.3121658265590668,2.2221736907958984,1.0788516998291016,4.554754257202148,-6.296638011932373,2.065080165863037,2.4602465629577637,-0.17815259099006653,-3.656586170196533,0.4583679735660553,-2.664156436920166,-0.77970290184021,6.281863212585449,2.8425920009613037,-3.845384120941162,3.3521347045898438,2.471409559249878,-3.1784451007843018,-1.7120362520217896,1.9071907997131348,-0.9411846399307251,-1.0895668268203735,-1.8409321308135986,-5.924108505249023,4.449758529663086,1.8382320404052734,-3.498340606689453,-3.281109571456909,-0.9605591893196106,3.473905324935913,-2.2097699642181396,0.10068535804748535,4.010663986206055,-1.4427299499511719,3.3659603595733643,-0.36390653252601624,-3.6363909244537354,1.0260465145111084,-3.755859851837158,2.8958654403686523,1.426628828048706,0.20662717521190643,1.6946598291397095,2.8534977436065674,-3.429689407348633]",2026-05-18T04:09:29.376Z,
24,"[-0.4666007459163666,1.7517040967941284,1.1924101114273071,-0.5748311281204224,2.0227367877960205,3.37870717048645,3.6175825595855713,-1.8522146940231323,0.26593753695487976,-6.736472129821777,2.4342081546783447,-3.556051731109619,-1.9316633939743042,0.4626947343349457,-3.5248143672943115,-1.8654659986495972,1.1461491584777832,-2.781355857849121,-0.5013929009437561,-1.4474895000457764,2.0079407691955566,-4.559564113616943,1.643051028251648,3.913292646408081,1.726251482963562,4.5947794914245605,4.953087329864502,-0.8508943915367126,-1.707462191581726,-5.259042263031006,-0.8433223962783813,5.840973377227783,-1.8185871839523315,0.9721406698226929,-1.4397532939910889,1.4504059553146362,4.036843299865723,-3.254072427749634,0.046835124492645264,2.637209415435791,0.5899487733840942,-1.654714822769165,-0.37083178758621216,-0.37314578890800476,-3.2706234455108643,2.7815117835998535,2.270718574523926,0.3132237195968628,-0.661964476108551,-3.963533878326416,3.4629783630371094,0.5007293224334717,3.757213830947876,2.329127311706543,0.7475167512893677,9.080620765686035,0.8921494483947754,-4.629446983337402,1.8956087827682495,3.6871063709259033,-2.167473316192627,1.3448803424835205,2.3066112995147705,2.0777456760406494,0.10171820223331451,0.7776298522949219,4.540769100189209,0.7606779336929321,2.9262607097625732,2.3830087184906006,0.6779597401618958,4.280021667480469,-0.6103838682174683,4.110323429107666,-4.1465582847595215,2.0354807376861572,-1.500607967376709,1.1891435384750366,-4.62999963760376,-4.108916282653809,-1.2470060586929321,1.7709015607833862,0.28340816497802734,0.3335007131099701,2.523372173309326,1.0728182792663574,4.870311737060547,-6.1688737869262695,3.108682870864868,2.054046392440796,-0.09962981194257736,-4.150137901306152,0.54719078540802,-2.358386516571045,-1.2759650945663452,6.59691858291626,2.58677339553833,-4.3853349685668945,3.2740795612335205,2.451127290725708,-2.512195348739624,-2.277217388153076,2.701901435852051,-0.8649678826332092,-0.6597930192947388,-2.540597438812256,-6.271050930023193,4.493602752685547,2.7840890884399414,-3.7993030548095703,-2.7840144634246826,-1.2401516437530518,3.5799620151519775,-1.117871642112732,0.12042136490345001,4.539560794830322,-1.6862292289733887,4.3175530433654785,-0.1976214051246643,-3.110398769378662,0.8533563613891602,-2.889719247817993,3.31300687789917,1.3393458127975464,0.13869288563728333,1.7954660654067993,2.8136520385742188,-4.182270050048828]",2026-05-18T04:10:43.133Z,
25,"[1.106895923614502,1.9954525232315063,1.553902268409729,-1.2333390712738037,2.1310408115386963,3.874774932861328,2.882930040359497,-2.207778215408325,-1.1724992990493774,-5.479460716247559,2.568065881729126,-4.110751628875732,-1.5651427507400513,0.852408766746521,-2.8215413093566895,-1.3941682577133179,0.8665721416473389,-4.1821980476379395,0.625384509563446,-2.526434898376465,1.942259430885315,-4.5448408126831055,2.080864191055298,3.852299213409424,1.454291820526123,3.782087564468384,4.225682735443115,-0.146978959441185,-1.7183382511138916,-4.424784183502197,-1.1817299127578735,6.232141971588135,-1.9104660749435425,1.8855220079421997,-0.48564159870147705,1.8296793699264526,3.9608404636383057,-3.0242011547088623,1.2402558326721191,2.7489469051361084,1.3075562715530396,-1.8209073543548584,-0.4598213732242584,-0.7172496318817139,-4.126378059387207,2.705449104309082,3.213745355606079,-0.35967549681663513,-0.27111300826072693,-4.08044958114624,3.0077357292175293,0.3115185499191284,3.4151225090026855,2.1331241130828857,0.8199713826179504,8.442450523376465,-0.25151288509368896,-5.571460723876953,2.438493251800537,4.152944087982178,-2.006465435028076,-0.16238823533058167,2.9326865673065186,0.025399021804332733,-1.02544367313385,0.364372193813324,4.063560962677002,1.0721200704574585,3.112111806869507,3.747253656387329,0.7025730013847351,3.709257125854492,-0.4007018208503723,4.016323089599609,-3.8791351318359375,3.5922327041625977,-0.904154896736145,1.5908080339431763,-3.9372501373291016,-3.7173774242401123,-0.12634648382663727,1.5964308977127075,0.5840964913368225,1.194220781326294,3.178302764892578,0.6619370579719543,4.906662940979004,-6.675215721130371,3.590445041656494,2.471268653869629,0.09447167068719864,-3.6919283866882324,0.5192529559135437,-2.6289119720458984,-0.8176833987236023,6.934487819671631,1.9967200756072998,-3.972501516342163,2.348754644393921,2.48933482170105,-3.1184399127960205,-3.0329370498657227,1.6057218313217163,-1.0833492279052734,-0.5115123391151428,-2.1811790466308594,-5.911444187164307,5.372838020324707,1.9997224807739258,-3.071486473083496,-2.38809871673584,-1.3610585927963257,2.296466588973999,-1.8723441362380981,0.7128817439079285,3.5252816677093506,-1.559892177581787,2.8676955699920654,-0.4925139248371124,-3.8583970069885254,1.2228914499282837,-3.6583828926086426,3.1887552738189697,2.1215403079986572,0.9193158149719238,1.3859837055206299,2.2175729274749756,-3.8289806842803955]",2026-05-18T04:12:55.339Z,
26,"[0.09865155816078186,2.2573978900909424,1.3468343019485474,-0.5652359127998352,2.454237222671509,2.652899980545044,3.6505753993988037,-2.1088223457336426,-1.344670295715332,-6.395906925201416,2.865339517593384,-4.769918918609619,-2.1198408603668213,0.005429483950138092,-3.3348257541656494,-1.1635695695877075,0.34869489073753357,-3.7693369388580322,-0.2385220229625702,-2.48868989944458,2.8359525203704834,-5.138166427612305,1.806167721748352,5.403441905975342,1.7912099361419678,4.33941650390625,4.792240619659424,-0.8522558212280273,-1.26076340675354,-5.331952095031738,-0.8959896564483643,6.780396938323975,-0.9746353030204773,1.3348442316055298,-1.282645583152771,3.2281863689422607,4.463624954223633,-3.9489479064941406,-0.969600260257721,2.354682683944702,2.377922534942627,-1.0515204668045044,-0.1442970633506775,-0.6952834725379944,-4.71940279006958,3.619637966156006,3.2470638751983643,0.18726438283920288,-2.182342052459717,-5.132071018218994,3.836757183074951,0.07610718905925751,4.10689640045166,3.825939416885376,0.988538384437561,9.810402870178223,0.23331162333488464,-5.815279483795166,2.3019533157348633,4.461544036865234,-1.936935544013977,0.8777360916137695,2.386566400527954,1.821671485900879,0.4729761481285095,0.30867600440979004,5.4429545402526855,1.326568841934204,3.3186194896698,4.641942501068115,1.8612326383590698,4.245598793029785,-1.14103102684021,5.108551025390625,-4.115549087524414,2.9032387733459473,-1.3704606294631958,3.0748679637908936,-4.49134635925293,-4.523359775543213,0.102381132543087,2.3088910579681396,0.4247582256793976,-0.6931913495063782,3.0448784828186035,1.7254092693328857,4.936735153198242,-6.682666778564453,3.782235622406006,1.9422378540039062,0.6552747488021851,-3.56021785736084,1.6628373861312866,-2.2129831314086914,-1.3533591032028198,7.42393159866333,2.8559277057647705,-5.0467352867126465,3.80753493309021,3.6689553260803223,-5.010683536529541,-2.7780818939208984,2.3563733100891113,-1.340928316116333,-0.45119866728782654,-3.856201648712158,-6.514837741851807,6.440666675567627,2.9065446853637695,-2.544121742248535,-5.221460819244385,-1.4030120372772217,3.7395927906036377,-1.6591262817382812,-1.089656949043274,3.985435724258423,-1.3935679197311401,3.249964475631714,-0.547132670879364,-4.300432205200195,1.1434838771820068,-3.9962329864501953,4.0990729331970215,1.0550137758255005,2.1554999351501465,2.115088701248169,3.0002877712249756,-3.8930506706237793]",2026-05-18T04:15:11.974Z,
27,"[0.4684087932109833,1.0102949142456055,1.5473113059997559,-1.014169692993164,1.4793586730957031,2.8806285858154297,3.071956157684326,-1.3980259895324707,-0.8041201829910278,-6.076558589935303,3.137723684310913,-4.039730548858643,-1.4737952947616577,0.34632608294487,-3.2331833839416504,-1.4721239805221558,0.9931241273880005,-3.769042730331421,-0.6108466982841492,-1.430617094039917,2.440683126449585,-4.759890079498291,1.8525192737579346,3.691274881362915,1.3498237133026123,3.728245496749878,5.430288314819336,-0.026453986763954163,-1.7825952768325806,-4.04210901260376,-1.282222032546997,6.363215923309326,-0.7425607442855835,0.8237075805664062,-1.543934941291809,1.4279361963272095,4.472580432891846,-3.1627087593078613,0.5023036003112793,2.7210068702697754,0.7357828617095947,-1.639176845550537,-0.4467601478099823,-1.046005129814148,-4.006145000457764,3.121079206466675,2.878312110900879,-0.3618294894695282,-0.3067623972892761,-4.070871353149414,3.8050270080566406,0.028409253805875778,3.994309186935425,1.5438562631607056,1.0541294813156128,9.17318344116211,-0.20433978736400604,-4.609447002410889,2.166463851928711,4.1011481285095215,-2.214343786239624,1.16221022605896,2.7713749408721924,1.1424754858016968,-0.18157681822776794,0.27818500995635986,4.0752997398376465,1.2352238893508911,2.915008783340454,3.3131444454193115,0.6490796804428101,3.9511454105377197,-0.1831122189760208,3.396367073059082,-4.138058662414551,2.6485443115234375,-1.356258749961853,1.032886028289795,-4.0930562019348145,-3.9614779949188232,-0.8034778833389282,1.2785532474517822,0.9708359241485596,1.2766575813293457,2.9037702083587646,0.9319030046463013,4.5740766525268555,-6.274996757507324,3.603285789489746,1.745917558670044,0.4113512635231018,-3.624509811401367,0.5307244658470154,-1.7506223917007446,-1.128200888633728,6.28300666809082,2.9584367275238037,-4.613757610321045,2.782855987548828,2.3426501750946045,-2.156676769256592,-2.504763603210449,2.6627984046936035,-0.8942710757255554,-0.6446479558944702,-2.599990129470825,-5.78313684463501,4.4340620040893555,2.287738561630249,-2.3976941108703613,-2.3765599727630615,-1.8634710311889648,2.8984575271606445,-1.4276336431503296,0.5293804407119751,3.5702333450317383,-1.8073697090148926,4.220938205718994,-0.32117968797683716,-4.06755256652832,1.1405881643295288,-2.953272819519043,2.984531879425049,1.9077119827270508,0.15943121910095215,1.6037460565567017,1.9978036880493164,-3.7214126586914062]",2026-05-18T04:16:22.095Z,
28,"[-0.09040328860282898,0.7502387762069702,1.7289505004882812,0.31488892436027527,2.1999642848968506,2.9212629795074463,3.446378231048584,-1.7247085571289062,-0.7455933094024658,-4.060757637023926,2.264209508895874,-4.062026500701904,-1.3399872779846191,0.9793175458908081,-4.080618381500244,-1.26871919631958,1.9163103103637695,-3.9586081504821777,0.37502798438072205,-1.6027839183807373,1.9983736276626587,-4.340616226196289,1.2609790563583374,3.4468960762023926,1.1580781936645508,4.30586576461792,4.859208583831787,0.10144522041082382,-1.5933295488357544,-4.037856101989746,-0.2953266501426697,4.8752899169921875,-1.3208017349243164,1.4468674659729004,-0.9792236089706421,1.631373643875122,2.9862945079803467,-1.5681790113449097,1.7413585186004639,2.252027750015259,0.39242130517959595,-1.564112901687622,-0.9864004850387573,-0.6373344659805298,-3.80224347114563,3.215250015258789,2.2420082092285156,0.51426100730896,-0.32604214549064636,-4.174597263336182,3.456331729888916,1.579395055770874,2.9895825386047363,1.4374723434448242,0.977861762046814,8.679313659667969,-0.3879748582839966,-4.4816389083862305,2.5803728103637695,3.2489750385284424,-2.590801954269409,0.8368499875068665,2.551312208175659,0.49793821573257446,-0.5925318002700806,-0.1669139415025711,2.566889762878418,1.0426942110061646,2.834221363067627,3.5437777042388916,0.7826343178749084,2.1888153553009033,-0.14397530257701874,2.7099170684814453,-3.7806508541107178,3.1465225219726562,-0.833896279335022,1.205169916152954,-3.4831130504608154,-3.4169819355010986,-0.02105189859867096,0.1069541648030281,1.270623803138733,1.1606841087341309,1.996166706085205,2.104365825653076,4.663694381713867,-5.240535259246826,2.647447109222412,1.938115119934082,0.26437047123908997,-2.58479905128479,0.9493224620819092,-1.7483761310577393,-0.17404475808143616,5.3331828117370605,3.1396918296813965,-4.65416145324707,2.576798677444458,3.0185112953186035,-2.7424263954162598,-0.2412586510181427,1.7468559741973877,-1.1904933452606201,-0.848889946937561,-1.847895622253418,-4.947988510131836,3.9106669425964355,1.327168345451355,-3.809469699859619,-1.9938938617706299,-1.205858588218689,1.8200725317001343,-1.4749120473861694,0.906430184841156,3.9080967903137207,-1.868154764175415,4.329079627990723,-0.42346152663230896,-4.068707466125488,0.5955132246017456,-2.45550274848938,2.3847014904022217,1.4504485130310059,0.4062519073486328,1.490370750427246,2.9785141944885254,-3.1233255863189697]",2026-05-18T04:18:04.386Z,
29,"[-0.01620350033044815,1.1779476404190063,1.0188523530960083,-0.4444599449634552,1.5492719411849976,3.6918272972106934,2.670220375061035,-1.879433035850525,-0.5852454304695129,-5.633640766143799,2.3910787105560303,-3.70694637298584,-0.9802147150039673,0.3310965895652771,-3.0982394218444824,-1.723705768585205,1.2574348449707031,-4.0577287673950195,-0.3492751717567444,-2.3128082752227783,2.256342887878418,-4.689059257507324,1.5788325071334839,3.346391439437866,1.9616938829421997,3.9458727836608887,4.080581188201904,-0.08378054201602936,-1.3162842988967896,-5.080944538116455,-0.9205561876296997,5.034780025482178,-1.480713129043579,1.3532180786132812,-0.41276147961616516,1.2607133388519287,3.799962282180786,-1.94960618019104,0.4564528465270996,2.4208195209503174,1.4578063488006592,-0.8834297060966492,-0.18717533349990845,-0.42783090472221375,-4.247630596160889,2.1915841102600098,3.1502010822296143,0.6088898181915283,0.6305190324783325,-4.5817341804504395,3.8791451454162598,0.8408131003379822,3.4396393299102783,1.3746403455734253,1.3907891511917114,8.701183319091797,0.6595857739448547,-4.864640712738037,2.1455330848693848,3.5030736923217773,-2.328505277633667,0.7111791968345642,1.9865541458129883,1.2781118154525757,-0.2198214828968048,0.30300915241241455,3.1629672050476074,1.5331023931503296,2.7123470306396484,2.6652755737304688,0.32262903451919556,3.2469587326049805,-1.062457799911499,2.560346841812134,-3.929682731628418,2.9194867610931396,-1.3420414924621582,1.8045774698257446,-4.2027411460876465,-4.221783638000488,-0.46279722452163696,1.0801734924316406,1.1578679084777832,0.9595981240272522,2.1718831062316895,1.11357581615448,4.916469573974609,-5.155712127685547,2.3982017040252686,2.0266969203948975,0.781035840511322,-3.96048641204834,1.325891137123108,-2.5643258094787598,-0.34081509709358215,6.658833980560303,3.262268304824829,-4.3062028884887695,3.2991976737976074,3.1156511306762695,-2.46331524848938,-1.9668256044387817,1.5985093116760254,-0.1461144983768463,-0.7104370594024658,-2.1879899501800537,-5.337881565093994,4.4152512550354,2.301501512527466,-3.34977650642395,-3.05572247505188,-1.5720562934875488,2.568054676055908,-1.851344108581543,0.14209169149398804,3.212531089782715,-1.9292933940887451,4.231929779052734,0.6650472283363342,-4.279196262359619,1.0753620862960815,-3.356046676635742,3.2036895751953125,2.2653510570526123,1.1996625661849976,0.9355263113975525,2.482468843460083,-3.1040592193603516]",2026-05-18T04:20:35.172Z,
30,"[-0.7813936471939087,0.09602510929107666,1.1557843685150146,0.0486011877655983,1.4462206363677979,2.6895101070404053,3.5341367721557617,-2.4816830158233643,-0.7282243967056274,-6.545736789703369,2.5078482627868652,-3.78739070892334,-1.729758620262146,-0.16768617928028107,-3.2441866397857666,-1.1400935649871826,0.40941503643989563,-2.2391128540039062,-0.8273612260818481,-2.0932908058166504,2.7815864086151123,-4.917841911315918,0.9163744449615479,4.852595329284668,1.218401312828064,2.3542068004608154,4.0667524337768555,-0.4874191880226135,-2.7334418296813965,-3.464718818664551,-0.011247403919696808,6.234505653381348,-0.4796812832355499,1.722241997718811,-1.5148584842681885,1.8076761960983276,3.4043102264404297,-3.739259719848633,-0.5498953461647034,2.5037107467651367,2.6401376724243164,-0.8344524502754211,-0.044339075684547424,-1.1343146562576294,-3.596818447113037,2.1986920833587646,2.466686725616455,0.7974493503570557,-1.9864511489868164,-4.409676551818848,3.6432747840881348,-0.6824800968170166,4.657256126403809,1.6794991493225098,1.8746793270111084,9.637151718139648,1.4683542251586914,-4.653356552124023,2.106907367706299,2.885014295578003,-1.6181257963180542,1.7810337543487549,1.960249423980713,2.650261402130127,0.9398987293243408,-0.30712270736694336,5.7393670082092285,1.1311602592468262,0.9356417655944824,3.158625364303589,1.6465965509414673,4.413513660430908,-0.08288326859474182,3.6926441192626953,-4.7044243812561035,1.6569403409957886,-1.5641260147094727,2.315415382385254,-5.198042869567871,-3.967288017272949,-0.5248034596443176,1.0759949684143066,-0.6364491581916809,-0.02809528447687626,2.8189172744750977,0.5029409527778625,4.386285781860352,-5.008342742919922,3.0758206844329834,0.9876123070716858,1.1624126434326172,-3.2161097526550293,0.18235915899276733,-0.19225874543190002,-0.716989278793335,5.151729106903076,3.543483018875122,-4.764808177947998,3.0898237228393555,3.016162157058716,-2.2886710166931152,-2.795788049697876,1.9885976314544678,-2.0297672748565674,-0.3297864496707916,-3.6275455951690674,-5.626999378204346,3.3827667236328125,2.9300098419189453,-2.4605932235717773,-4.223466873168945,-0.520015299320221,4.196146011352539,-0.9183761477470398,-1.731403112411499,2.7099990844726562,-0.6735635995864868,3.7226717472076416,-1.3422828912734985,-2.374000072479248,0.12988385558128357,-2.5198261737823486,4.965148448944092,0.34172967076301575,1.7873954772949219,1.9310683012008667,2.599100112915039,-4.1235175132751465]",2026-05-18T04:35:56.225Z,